{"1": [1742531853.2747035, 1], "2": [0, -1], "3": [0, -1], "4": [0, -1], "5": [0, -1], "6": [1742531921.1594982, 1], "7": [0, -1], "8": [0, -1], "9": [0, -1], "10": [0, -1]}